{
  "active_space": "HSV",
  "HSV": {
    "H": {
      "min": 16,
      "max": 117
    },
    "S": {
      "min": 153,
      "max": 212
    },
    "V": {
      "min": 95,
      "max": 217
    }
  },
  "LAB": {
    "L": {
      "min": 0,
      "max": 255
    },
    "A": {
      "min": 100,
      "max": 180
    },
    "B": {
      "min": 120,
      "max": 200
    }
  },
  "CMYK": {
    "C": {
      "min": 0,
      "max": 255
    },
    "M": {
      "min": 0,
      "max": 255
    },
    "Y": {
      "min": 0,
      "max": 255
    },
    "K": {
      "min": 40,
      "max": 255
    }
  },
  "morphology": {
    "kernel_idx": 2,
    "open_iterations": 0,
    "close_iterations": 1
  },
  "blur": {
    "ksize_idx": 0,
    "sigma": 0
  },
  "lsd": {
    "enabled": 0,
    "input": 1,
    "refine": 1,
    "scale": 0.8,
    "sigma_scale": 0.6,
    "quant": 2.0,
    "ang_th": 22.0,
    "log_eps": 0.0,
    "density_th": 0.7,
    "n_bins": 1024
  }
}